{"__meta":{"schema_version":3,"schema_name":"GLMModelV3","schema_type":"GLMModel"},"model_id":{"__meta":{"schema_version":3,"schema_name":"ModelKeyV3","schema_type":"Key<Model>"},"name":"glm-cf5b6ff1-4bca-4259-b5ff-dc88bd1a322c","type":"Key<Model>","URL":"/3/Models/glm-cf5b6ff1-4bca-4259-b5ff-dc88bd1a322c"},"algo":"glm","algo_full_name":"Generalized Linear Modeling","response_column_name":"hit","data_frame":{"__meta":{"schema_version":3,"schema_name":"FrameKeyV3","schema_type":"Key<Frame>"},"name":"Key_Frame__dataset3.hex","type":"Key<Frame>","URL":"/3/Frames/Key_Frame__dataset3.hex"},"timestamp":1592398666896,"have_pojo":true,"have_mojo":true,"algo":"glm","algo_full_name":"Generalized Linear Modeling","model_id":{"__meta":{"schema_version":3,"schema_name":"ModelKeyV3","schema_type":"Key<Model>"},"name":"glm-cf5b6ff1-4bca-4259-b5ff-dc88bd1a322c","type":"Key<Model>","URL":"/3/Models/glm-cf5b6ff1-4bca-4259-b5ff-dc88bd1a322c"},"parameters":[{"__meta":{"schema_version":3,"schema_name":"ModelParameterSchemaV3","schema_type":"Iced"},"name":"model_id","label":"model_id","help":"Destination id for this model; auto-generated if not specified.","required":false,"type":"Key<Model>","default_value":null,"actual_value":{"__meta":{"schema_version":3,"schema_name":"ModelKeyV3","schema_type":"Key<Model>"},"name":"glm-cf5b6ff1-4bca-4259-b5ff-dc88bd1a322c","type":"Key<Model>","URL":"/3/Models/glm-cf5b6ff1-4bca-4259-b5ff-dc88bd1a322c"},"level":"critical","values":[],"is_member_of_frames":[],"is_mutually_exclusive_with":[],"gridable":false},{"__meta":{"schema_version":3,"schema_name":"ModelParameterSchemaV3","schema_type":"Iced"},"name":"training_frame","label":"training_frame","help":"Id of the training data frame.","required":false,"type":"Key<Frame>","default_value":null,"actual_value":{"__meta":{"schema_version":3,"schema_name":"FrameKeyV3","schema_type":"Key<Frame>"},"name":"Key_Frame__dataset3.hex","type":"Key<Frame>","URL":"/3/Frames/Key_Frame__dataset3.hex"},"level":"critical","values":[],"is_member_of_frames":[],"is_mutually_exclusive_with":[],"gridable":false},{"__meta":{"schema_version":3,"schema_name":"ModelParameterSchemaV3","schema_type":"Iced"},"name":"validation_frame","label":"validation_frame","help":"Id of the validation data frame.","required":false,"type":"Key<Frame>","default_value":null,"actual_value":null,"level":"critical","values":[],"is_member_of_frames":[],"is_mutually_exclusive_with":[],"gridable":true},{"__meta":{"schema_version":3,"schema_name":"ModelParameterSchemaV3","schema_type":"Iced"},"name":"nfolds","label":"nfolds","help":"Number of folds for K-fold cross-validation (0 to disable or >= 2).","required":false,"type":"int","default_value":0,"actual_value":10,"level":"critical","values":[],"is_member_of_frames":[],"is_mutually_exclusive_with":[],"gridable":false},{"__meta":{"schema_version":3,"schema_name":"ModelParameterSchemaV3","schema_type":"Iced"},"name":"seed","label":"seed","help":"Seed for pseudo random number generator (if applicable)","required":false,"type":"long","default_value":-1,"actual_value":-1634815100144351557,"level":"critical","values":[],"is_member_of_frames":[],"is_mutually_exclusive_with":[],"gridable":true},{"__meta":{"schema_version":3,"schema_name":"ModelParameterSchemaV3","schema_type":"Iced"},"name":"keep_cross_validation_models","label":"keep_cross_validation_models","help":"Whether to keep the cross-validation models.","required":false,"type":"boolean","default_value":true,"actual_value":true,"level":"expert","values":[],"is_member_of_frames":[],"is_mutually_exclusive_with":[],"gridable":false},{"__meta":{"schema_version":3,"schema_name":"ModelParameterSchemaV3","schema_type":"Iced"},"name":"keep_cross_validation_predictions","label":"keep_cross_validation_predictions","help":"Whether to keep the predictions of the cross-validation models.","required":false,"type":"boolean","default_value":false,"actual_value":false,"level":"expert","values":[],"is_member_of_frames":[],"is_mutually_exclusive_with":[],"gridable":false},{"__meta":{"schema_version":3,"schema_name":"ModelParameterSchemaV3","schema_type":"Iced"},"name":"keep_cross_validation_fold_assignment","label":"keep_cross_validation_fold_assignment","help":"Whether to keep the cross-validation fold assignment.","required":false,"type":"boolean","default_value":false,"actual_value":false,"level":"expert","values":[],"is_member_of_frames":[],"is_mutually_exclusive_with":[],"gridable":false},{"__meta":{"schema_version":3,"schema_name":"ModelParameterSchemaV3","schema_type":"Iced"},"name":"fold_assignment","label":"fold_assignment","help":"Cross-validation fold assignment scheme, if fold_column is not specified. The 'Stratified' option will stratify the folds based on the response variable, for classification problems.","required":false,"type":"enum","default_value":"AUTO","actual_value":"AUTO","level":"secondary","values":["AUTO","Random","Modulo","Stratified"],"is_member_of_frames":[],"is_mutually_exclusive_with":[],"gridable":true},{"__meta":{"schema_version":3,"schema_name":"ModelParameterSchemaV3","schema_type":"Iced"},"name":"fold_column","label":"fold_column","help":"Column with cross-validation fold index assignment per observation.","required":false,"type":"VecSpecifier","default_value":null,"actual_value":null,"level":"secondary","values":[],"is_member_of_frames":["training_frame"],"is_mutually_exclusive_with":["response_column","weights_column","ignored_columns","offset_column"],"gridable":true},{"__meta":{"schema_version":3,"schema_name":"ModelParameterSchemaV3","schema_type":"Iced"},"name":"response_column","label":"response_column","help":"Response variable column.","required":false,"type":"VecSpecifier","default_value":null,"actual_value":{"__meta":{"schema_version":3,"schema_name":"ColSpecifierV3","schema_type":"VecSpecifier"},"column_name":"hit","is_member_of_frames":null},"level":"critical","values":[],"is_member_of_frames":["training_frame","validation_frame"],"is_mutually_exclusive_with":["weights_column","ignored_columns","offset_column","fold_column"],"gridable":true},{"__meta":{"schema_version":3,"schema_name":"ModelParameterSchemaV3","schema_type":"Iced"},"name":"ignored_columns","label":"ignored_columns","help":"Names of columns to ignore for training.","required":false,"type":"string[]","default_value":null,"actual_value":null,"level":"critical","values":[],"is_member_of_frames":["training_frame","validation_frame"],"is_mutually_exclusive_with":["response_column","weights_column","offset_column","fold_column"],"gridable":false},{"__meta":{"schema_version":3,"schema_name":"ModelParameterSchemaV3","schema_type":"Iced"},"name":"random_columns","label":"random_columns","help":"random columns indices for HGLM.","required":false,"type":"int[]","default_value":null,"actual_value":null,"level":"critical","values":[],"is_member_of_frames":[],"is_mutually_exclusive_with":[],"gridable":false},{"__meta":{"schema_version":3,"schema_name":"ModelParameterSchemaV3","schema_type":"Iced"},"name":"ignore_const_cols","label":"ignore_const_cols","help":"Ignore constant columns.","required":false,"type":"boolean","default_value":true,"actual_value":true,"level":"critical","values":[],"is_member_of_frames":[],"is_mutually_exclusive_with":[],"gridable":false},{"__meta":{"schema_version":3,"schema_name":"ModelParameterSchemaV3","schema_type":"Iced"},"name":"score_each_iteration","label":"score_each_iteration","help":"Whether to score during each iteration of model training.","required":false,"type":"boolean","default_value":false,"actual_value":false,"level":"secondary","values":[],"is_member_of_frames":[],"is_mutually_exclusive_with":[],"gridable":false},{"__meta":{"schema_version":3,"schema_name":"ModelParameterSchemaV3","schema_type":"Iced"},"name":"offset_column","label":"offset_column","help":"Offset column. This will be added to the combination of columns before applying the link function.","required":false,"type":"VecSpecifier","default_value":null,"actual_value":null,"level":"secondary","values":[],"is_member_of_frames":["training_frame","validation_frame"],"is_mutually_exclusive_with":["response_column","weights_column","ignored_columns","fold_column"],"gridable":true},{"__meta":{"schema_version":3,"schema_name":"ModelParameterSchemaV3","schema_type":"Iced"},"name":"weights_column","label":"weights_column","help":"Column with observation weights. Giving some observation a weight of zero is equivalent to excluding it from the dataset; giving an observation a relative weight of 2 is equivalent to repeating that row twice. Negative weights are not allowed. Note: Weights are per-row observation weights and do not increase the size of the data frame. This is typically the number of times a row is repeated, but non-integer values are supported as well. During training, rows with higher weights matter more, due to the larger loss function pre-factor.","required":false,"type":"VecSpecifier","default_value":null,"actual_value":null,"level":"secondary","values":[],"is_member_of_frames":["training_frame","validation_frame"],"is_mutually_exclusive_with":["response_column","ignored_columns","offset_column","fold_column"],"gridable":true},{"__meta":{"schema_version":3,"schema_name":"ModelParameterSchemaV3","schema_type":"Iced"},"name":"family","label":"family","help":"Family. Use binomial for classification with logistic regression, others are for regression problems.","required":false,"type":"enum","default_value":"gaussian","actual_value":"gaussian","level":"critical","values":["gaussian","binomial","fractionalbinomial","quasibinomial","ordinal","multinomial","poisson","gamma","tweedie","negativebinomial"],"is_member_of_frames":[],"is_mutually_exclusive_with":[],"gridable":false},{"__meta":{"schema_version":3,"schema_name":"ModelParameterSchemaV3","schema_type":"Iced"},"name":"rand_family","label":"rand_family","help":"Random Component Family array.  One for each random component. Only support gaussian for now.","required":false,"type":"enum[]","default_value":null,"actual_value":null,"level":"critical","values":["[gaussian]"],"is_member_of_frames":[],"is_mutually_exclusive_with":[],"gridable":true},{"__meta":{"schema_version":3,"schema_name":"ModelParameterSchemaV3","schema_type":"Iced"},"name":"tweedie_variance_power","label":"tweedie_variance_power","help":"Tweedie variance power","required":false,"type":"double","default_value":0.0,"actual_value":0.0,"level":"critical","values":[],"is_member_of_frames":[],"is_mutually_exclusive_with":[],"gridable":true},{"__meta":{"schema_version":3,"schema_name":"ModelParameterSchemaV3","schema_type":"Iced"},"name":"tweedie_link_power","label":"tweedie_link_power","help":"Tweedie link power","required":false,"type":"double","default_value":1.0,"actual_value":1.0,"level":"critical","values":[],"is_member_of_frames":[],"is_mutually_exclusive_with":[],"gridable":true},{"__meta":{"schema_version":3,"schema_name":"ModelParameterSchemaV3","schema_type":"Iced"},"name":"theta","label":"theta","help":"Theta","required":false,"type":"double","default_value":1.0E-10,"actual_value":1.0E-10,"level":"critical","values":[],"is_member_of_frames":[],"is_mutually_exclusive_with":[],"gridable":true},{"__meta":{"schema_version":3,"schema_name":"ModelParameterSchemaV3","schema_type":"Iced"},"name":"solver","label":"solver","help":"AUTO will set the solver based on given data and the other parameters. IRLSM is fast on on problems with small number of predictors and for lambda-search with L1 penalty, L_BFGS scales better for datasets with many columns.","required":false,"type":"enum","default_value":"AUTO","actual_value":"IRLSM","level":"critical","values":["AUTO","IRLSM","L_BFGS","COORDINATE_DESCENT_NAIVE","COORDINATE_DESCENT","GRADIENT_DESCENT_LH","GRADIENT_DESCENT_SQERR"],"is_member_of_frames":[],"is_mutually_exclusive_with":[],"gridable":false},{"__meta":{"schema_version":3,"schema_name":"ModelParameterSchemaV3","schema_type":"Iced"},"name":"alpha","label":"alpha","help":"Distribution of regularization between the L1 (Lasso) and L2 (Ridge) penalties. A value of 1 for alpha represents Lasso regression, a value of 0 produces Ridge regression, and anything in between specifies the amount of mixing between the two. Default value of alpha is 0 when SOLVER = 'L-BFGS'; 0.5 otherwise.","required":false,"type":"double[]","default_value":null,"actual_value":[0.5],"level":"critical","values":[],"is_member_of_frames":[],"is_mutually_exclusive_with":[],"gridable":true},{"__meta":{"schema_version":3,"schema_name":"ModelParameterSchemaV3","schema_type":"Iced"},"name":"lambda","label":"lambda","help":"Regularization strength","required":false,"type":"double[]","default_value":null,"actual_value":[1.281889486640546E-4],"level":"critical","values":[],"is_member_of_frames":[],"is_mutually_exclusive_with":[],"gridable":true},{"__meta":{"schema_version":3,"schema_name":"ModelParameterSchemaV3","schema_type":"Iced"},"name":"lambda_search","label":"lambda_search","help":"Use lambda search starting at lambda max, given lambda is then interpreted as lambda min","required":false,"type":"boolean","default_value":false,"actual_value":false,"level":"critical","values":[],"is_member_of_frames":[],"is_mutually_exclusive_with":[],"gridable":false},{"__meta":{"schema_version":3,"schema_name":"ModelParameterSchemaV3","schema_type":"Iced"},"name":"early_stopping","label":"early_stopping","help":"Stop early when there is no more relative improvement on train or validation (if provided)","required":false,"type":"boolean","default_value":true,"actual_value":true,"level":"critical","values":[],"is_member_of_frames":[],"is_mutually_exclusive_with":[],"gridable":false},{"__meta":{"schema_version":3,"schema_name":"ModelParameterSchemaV3","schema_type":"Iced"},"name":"nlambdas","label":"nlambdas","help":"Number of lambdas to be used in a search. Default indicates: If alpha is zero, with lambda search set to True, the value of nlamdas is set to 30 (fewer lambdas are needed for ridge regression) otherwise it is set to 100.","required":false,"type":"int","default_value":-1,"actual_value":-1,"level":"critical","values":[],"is_member_of_frames":[],"is_mutually_exclusive_with":[],"gridable":false},{"__meta":{"schema_version":3,"schema_name":"ModelParameterSchemaV3","schema_type":"Iced"},"name":"standardize","label":"standardize","help":"Standardize numeric columns to have zero mean and unit variance","required":false,"type":"boolean","default_value":true,"actual_value":true,"level":"critical","values":[],"is_member_of_frames":[],"is_mutually_exclusive_with":[],"gridable":false},{"__meta":{"schema_version":3,"schema_name":"ModelParameterSchemaV3","schema_type":"Iced"},"name":"missing_values_handling","label":"missing_values_handling","help":"Handling of missing values. Either MeanImputation, Skip or PlugValues.","required":false,"type":"enum","default_value":"MeanImputation","actual_value":"MeanImputation","level":"expert","values":["MeanImputation","Skip","PlugValues"],"is_member_of_frames":[],"is_mutually_exclusive_with":[],"gridable":true},{"__meta":{"schema_version":3,"schema_name":"ModelParameterSchemaV3","schema_type":"Iced"},"name":"plug_values","label":"plug_values","help":"Plug Values (a single row frame containing values that will be used to impute missing values of the training/validation frame, use with conjunction missing_values_handling = PlugValues)","required":false,"type":"Key<Frame>","default_value":null,"actual_value":null,"level":"critical","values":[],"is_member_of_frames":[],"is_mutually_exclusive_with":[],"gridable":false},{"__meta":{"schema_version":3,"schema_name":"ModelParameterSchemaV3","schema_type":"Iced"},"name":"compute_p_values","label":"compute_p_values","help":"Request p-values computation, p-values work only with IRLSM solver and no regularization","required":false,"type":"boolean","default_value":false,"actual_value":false,"level":"secondary","values":[],"is_member_of_frames":[],"is_mutually_exclusive_with":[],"gridable":false},{"__meta":{"schema_version":3,"schema_name":"ModelParameterSchemaV3","schema_type":"Iced"},"name":"remove_collinear_columns","label":"remove_collinear_columns","help":"In case of linearly dependent columns, remove some of the dependent columns","required":false,"type":"boolean","default_value":false,"actual_value":false,"level":"secondary","values":[],"is_member_of_frames":[],"is_mutually_exclusive_with":[],"gridable":false},{"__meta":{"schema_version":3,"schema_name":"ModelParameterSchemaV3","schema_type":"Iced"},"name":"intercept","label":"intercept","help":"Include constant term in the model","required":false,"type":"boolean","default_value":true,"actual_value":true,"level":"expert","values":[],"is_member_of_frames":[],"is_mutually_exclusive_with":[],"gridable":false},{"__meta":{"schema_version":3,"schema_name":"ModelParameterSchemaV3","schema_type":"Iced"},"name":"non_negative","label":"non_negative","help":"Restrict coefficients (not intercept) to be non-negative","required":false,"type":"boolean","default_value":false,"actual_value":false,"level":"critical","values":[],"is_member_of_frames":[],"is_mutually_exclusive_with":[],"gridable":false},{"__meta":{"schema_version":3,"schema_name":"ModelParameterSchemaV3","schema_type":"Iced"},"name":"max_iterations","label":"max_iterations","help":"Maximum number of iterations","required":false,"type":"int","default_value":-1,"actual_value":50,"level":"secondary","values":[],"is_member_of_frames":[],"is_mutually_exclusive_with":[],"gridable":false},{"__meta":{"schema_version":3,"schema_name":"ModelParameterSchemaV3","schema_type":"Iced"},"name":"objective_epsilon","label":"objective_epsilon","help":"Converge if  objective value changes less than this. Default indicates: If lambda_search is set to True the value of objective_epsilon is set to .0001. If the lambda_search is set to False and lambda is equal to zero, the value of objective_epsilon is set to .000001, for any other value of lambda the default value of objective_epsilon is set to .0001.","required":false,"type":"double","default_value":-1.0,"actual_value":1.0E-4,"level":"expert","values":[],"is_member_of_frames":[],"is_mutually_exclusive_with":[],"gridable":false},{"__meta":{"schema_version":3,"schema_name":"ModelParameterSchemaV3","schema_type":"Iced"},"name":"beta_epsilon","label":"beta_epsilon","help":"Converge if  beta changes less (using L-infinity norm) than beta esilon, ONLY applies to IRLSM solver ","required":false,"type":"double","default_value":1.0E-4,"actual_value":1.0E-4,"level":"expert","values":[],"is_member_of_frames":[],"is_mutually_exclusive_with":[],"gridable":false},{"__meta":{"schema_version":3,"schema_name":"ModelParameterSchemaV3","schema_type":"Iced"},"name":"gradient_epsilon","label":"gradient_epsilon","help":"Converge if  objective changes less (using L-infinity norm) than this, ONLY applies to L-BFGS solver. Default indicates: If lambda_search is set to False and lambda is equal to zero, the default value of gradient_epsilon is equal to .000001, otherwise the default value is .0001. If lambda_search is set to True, the conditional values above are 1E-8 and 1E-6 respectively.","required":false,"type":"double","default_value":-1.0,"actual_value":1.0E-4,"level":"expert","values":[],"is_member_of_frames":[],"is_mutually_exclusive_with":[],"gridable":false},{"__meta":{"schema_version":3,"schema_name":"ModelParameterSchemaV3","schema_type":"Iced"},"name":"link","label":"link","help":"Link function.","required":false,"type":"enum","default_value":"family_default","actual_value":"identity","level":"secondary","values":["family_default","identity","logit","log","inverse","tweedie","ologit"],"is_member_of_frames":[],"is_mutually_exclusive_with":[],"gridable":false},{"__meta":{"schema_version":3,"schema_name":"ModelParameterSchemaV3","schema_type":"Iced"},"name":"rand_link","label":"rand_link","help":"Link function array for random component in HGLM.","required":false,"type":"enum[]","default_value":null,"actual_value":null,"level":"secondary","values":["[identity]","[family_default]"],"is_member_of_frames":[],"is_mutually_exclusive_with":[],"gridable":true},{"__meta":{"schema_version":3,"schema_name":"ModelParameterSchemaV3","schema_type":"Iced"},"name":"startval","label":"startval","help":"double array to initialize fixed and random coefficients for HGLM.","required":false,"type":"double[]","default_value":null,"actual_value":null,"level":"critical","values":[],"is_member_of_frames":[],"is_mutually_exclusive_with":[],"gridable":true},{"__meta":{"schema_version":3,"schema_name":"ModelParameterSchemaV3","schema_type":"Iced"},"name":"calc_like","label":"calc_like","help":"if true, will return likelihood function value for HGLM.","required":false,"type":"boolean","default_value":false,"actual_value":false,"level":"critical","values":[],"is_member_of_frames":[],"is_mutually_exclusive_with":[],"gridable":false},{"__meta":{"schema_version":3,"schema_name":"ModelParameterSchemaV3","schema_type":"Iced"},"name":"HGLM","label":"HGLM","help":"If set to true, will return HGLM model.  Otherwise, normal GLM model will be returned","required":false,"type":"boolean","default_value":false,"actual_value":false,"level":"critical","values":[],"is_member_of_frames":[],"is_mutually_exclusive_with":[],"gridable":false},{"__meta":{"schema_version":3,"schema_name":"ModelParameterSchemaV3","schema_type":"Iced"},"name":"prior","label":"prior","help":"Prior probability for y==1. To be used only for logistic regression iff the data has been sampled and the mean of response does not reflect reality.","required":false,"type":"double","default_value":-1.0,"actual_value":-1.0,"level":"expert","values":[],"is_member_of_frames":[],"is_mutually_exclusive_with":[],"gridable":false},{"__meta":{"schema_version":3,"schema_name":"ModelParameterSchemaV3","schema_type":"Iced"},"name":"lambda_min_ratio","label":"lambda_min_ratio","help":"Minimum lambda used in lambda search, specified as a ratio of lambda_max (the smallest lambda that drives all coefficients to zero). Default indicates: if the number of observations is greater than the number of variables, then lambda_min_ratio is set to 0.0001; if the number of observations is less than the number of variables, then lambda_min_ratio is set to 0.01.","required":false,"type":"double","default_value":-1.0,"actual_value":1.0E-4,"level":"expert","values":[],"is_member_of_frames":[],"is_mutually_exclusive_with":[],"gridable":false},{"__meta":{"schema_version":3,"schema_name":"ModelParameterSchemaV3","schema_type":"Iced"},"name":"beta_constraints","label":"beta_constraints","help":"Beta constraints","required":false,"type":"Key<Frame>","default_value":null,"actual_value":null,"level":"critical","values":[],"is_member_of_frames":[],"is_mutually_exclusive_with":[],"gridable":false},{"__meta":{"schema_version":3,"schema_name":"ModelParameterSchemaV3","schema_type":"Iced"},"name":"max_active_predictors","label":"max_active_predictors","help":"Maximum number of active predictors during computation. Use as a stopping criterion to prevent expensive model building with many predictors. Default indicates: If the IRLSM solver is used, the value of max_active_predictors is set to 5000 otherwise it is set to 100000000.","required":false,"type":"int","default_value":-1,"actual_value":5000,"level":"expert","values":[],"is_member_of_frames":[],"is_mutually_exclusive_with":[],"gridable":false},{"__meta":{"schema_version":3,"schema_name":"ModelParameterSchemaV3","schema_type":"Iced"},"name":"interactions","label":"interactions","help":"A list of predictor column indices to interact. All pairwise combinations will be computed for the list.","required":false,"type":"string[]","default_value":null,"actual_value":null,"level":"expert","values":[],"is_member_of_frames":[],"is_mutually_exclusive_with":[],"gridable":false},{"__meta":{"schema_version":3,"schema_name":"ModelParameterSchemaV3","schema_type":"Iced"},"name":"interaction_pairs","label":"interaction_pairs","help":"A list of pairwise (first order) column interactions.","required":false,"type":"StringPair[]","default_value":null,"actual_value":null,"level":"expert","values":[],"is_member_of_frames":[],"is_mutually_exclusive_with":[],"gridable":false},{"__meta":{"schema_version":3,"schema_name":"ModelParameterSchemaV3","schema_type":"Iced"},"name":"obj_reg","label":"obj_reg","help":"Likelihood divider in objective value computation, default is 1/nobs","required":false,"type":"double","default_value":-1.0,"actual_value":1.8656716417910448E-4,"level":"critical","values":[],"is_member_of_frames":[],"is_mutually_exclusive_with":[],"gridable":false},{"__meta":{"schema_version":3,"schema_name":"ModelParameterSchemaV3","schema_type":"Iced"},"name":"export_checkpoints_dir","label":"export_checkpoints_dir","help":"Automatically export generated models to this directory.","required":false,"type":"string","default_value":null,"actual_value":null,"level":"secondary","values":[],"is_member_of_frames":[],"is_mutually_exclusive_with":[],"gridable":false},{"__meta":{"schema_version":3,"schema_name":"ModelParameterSchemaV3","schema_type":"Iced"},"name":"balance_classes","label":"balance_classes","help":"Balance training data class counts via over/under-sampling (for imbalanced data).","required":false,"type":"boolean","default_value":false,"actual_value":false,"level":"secondary","values":[],"is_member_of_frames":[],"is_mutually_exclusive_with":[],"gridable":false},{"__meta":{"schema_version":3,"schema_name":"ModelParameterSchemaV3","schema_type":"Iced"},"name":"class_sampling_factors","label":"class_sampling_factors","help":"Desired over/under-sampling ratios per class (in lexicographic order). If not specified, sampling factors will be automatically computed to obtain class balance during training. Requires balance_classes.","required":false,"type":"float[]","default_value":null,"actual_value":null,"level":"expert","values":[],"is_member_of_frames":[],"is_mutually_exclusive_with":[],"gridable":false},{"__meta":{"schema_version":3,"schema_name":"ModelParameterSchemaV3","schema_type":"Iced"},"name":"max_after_balance_size","label":"max_after_balance_size","help":"Maximum relative size of the training data after balancing class counts (can be less than 1.0). Requires balance_classes.","required":false,"type":"float","default_value":5.0,"actual_value":5.0,"level":"expert","values":[],"is_member_of_frames":[],"is_mutually_exclusive_with":[],"gridable":false},{"__meta":{"schema_version":3,"schema_name":"ModelParameterSchemaV3","schema_type":"Iced"},"name":"max_confusion_matrix_size","label":"max_confusion_matrix_size","help":"[Deprecated] Maximum size (# classes) for confusion matrices to be printed in the Logs","required":false,"type":"int","default_value":20,"actual_value":20,"level":"secondary","values":[],"is_member_of_frames":[],"is_mutually_exclusive_with":[],"gridable":false},{"__meta":{"schema_version":3,"schema_name":"ModelParameterSchemaV3","schema_type":"Iced"},"name":"max_hit_ratio_k","label":"max_hit_ratio_k","help":"Maximum number (top K) of predictions to use for hit ratio computation (for multi-class only, 0 to disable)","required":false,"type":"int","default_value":0,"actual_value":0,"level":"secondary","values":[],"is_member_of_frames":[],"is_mutually_exclusive_with":[],"gridable":false},{"__meta":{"schema_version":3,"schema_name":"ModelParameterSchemaV3","schema_type":"Iced"},"name":"max_runtime_secs","label":"max_runtime_secs","help":"Maximum allowed runtime in seconds for model training. Use 0 to disable.","required":false,"type":"double","default_value":0.0,"actual_value":0.0,"level":"secondary","values":[],"is_member_of_frames":[],"is_mutually_exclusive_with":[],"gridable":true},{"__meta":{"schema_version":3,"schema_name":"ModelParameterSchemaV3","schema_type":"Iced"},"name":"custom_metric_func","label":"custom_metric_func","help":"Reference to custom evaluation function, format: `language:keyName=funcName`","required":false,"type":"string","default_value":null,"actual_value":null,"level":"secondary","values":[],"is_member_of_frames":[],"is_mutually_exclusive_with":[],"gridable":false}],"output":{"__meta":{"schema_version":3,"schema_name":"GLMModelOutputV3","schema_type":"GLMOutput"},"names":["robot_name","distance","bearing","heading","hit"],"original_names":null,"column_types":["Enum","Numeric","Numeric","Numeric","Numeric"],"domains":[["sample.Corners","sample.Crazy","sample.Fire","sample.SittingDuck","sample.Walls"],null,null,null,null],"cross_validation_models":[{"__meta":{"schema_version":3,"schema_name":"ModelKeyV3","schema_type":"Key<Model>"},"name":"glm-cf5b6ff1-4bca-4259-b5ff-dc88bd1a322c_cv_1","type":"Key<Model>","URL":"/3/Models/glm-cf5b6ff1-4bca-4259-b5ff-dc88bd1a322c_cv_1"},{"__meta":{"schema_version":3,"schema_name":"ModelKeyV3","schema_type":"Key<Model>"},"name":"glm-cf5b6ff1-4bca-4259-b5ff-dc88bd1a322c_cv_2","type":"Key<Model>","URL":"/3/Models/glm-cf5b6ff1-4bca-4259-b5ff-dc88bd1a322c_cv_2"},{"__meta":{"schema_version":3,"schema_name":"ModelKeyV3","schema_type":"Key<Model>"},"name":"glm-cf5b6ff1-4bca-4259-b5ff-dc88bd1a322c_cv_3","type":"Key<Model>","URL":"/3/Models/glm-cf5b6ff1-4bca-4259-b5ff-dc88bd1a322c_cv_3"},{"__meta":{"schema_version":3,"schema_name":"ModelKeyV3","schema_type":"Key<Model>"},"name":"glm-cf5b6ff1-4bca-4259-b5ff-dc88bd1a322c_cv_4","type":"Key<Model>","URL":"/3/Models/glm-cf5b6ff1-4bca-4259-b5ff-dc88bd1a322c_cv_4"},{"__meta":{"schema_version":3,"schema_name":"ModelKeyV3","schema_type":"Key<Model>"},"name":"glm-cf5b6ff1-4bca-4259-b5ff-dc88bd1a322c_cv_5","type":"Key<Model>","URL":"/3/Models/glm-cf5b6ff1-4bca-4259-b5ff-dc88bd1a322c_cv_5"},{"__meta":{"schema_version":3,"schema_name":"ModelKeyV3","schema_type":"Key<Model>"},"name":"glm-cf5b6ff1-4bca-4259-b5ff-dc88bd1a322c_cv_6","type":"Key<Model>","URL":"/3/Models/glm-cf5b6ff1-4bca-4259-b5ff-dc88bd1a322c_cv_6"},{"__meta":{"schema_version":3,"schema_name":"ModelKeyV3","schema_type":"Key<Model>"},"name":"glm-cf5b6ff1-4bca-4259-b5ff-dc88bd1a322c_cv_7","type":"Key<Model>","URL":"/3/Models/glm-cf5b6ff1-4bca-4259-b5ff-dc88bd1a322c_cv_7"},{"__meta":{"schema_version":3,"schema_name":"ModelKeyV3","schema_type":"Key<Model>"},"name":"glm-cf5b6ff1-4bca-4259-b5ff-dc88bd1a322c_cv_8","type":"Key<Model>","URL":"/3/Models/glm-cf5b6ff1-4bca-4259-b5ff-dc88bd1a322c_cv_8"},{"__meta":{"schema_version":3,"schema_name":"ModelKeyV3","schema_type":"Key<Model>"},"name":"glm-cf5b6ff1-4bca-4259-b5ff-dc88bd1a322c_cv_9","type":"Key<Model>","URL":"/3/Models/glm-cf5b6ff1-4bca-4259-b5ff-dc88bd1a322c_cv_9"},{"__meta":{"schema_version":3,"schema_name":"ModelKeyV3","schema_type":"Key<Model>"},"name":"glm-cf5b6ff1-4bca-4259-b5ff-dc88bd1a322c_cv_10","type":"Key<Model>","URL":"/3/Models/glm-cf5b6ff1-4bca-4259-b5ff-dc88bd1a322c_cv_10"}],"cross_validation_predictions":null,"cross_validation_holdout_predictions_frame_id":null,"cross_validation_fold_assignment_frame_id":null,"model_category":"Regression","model_summary":{"__meta":{"schema_version":3,"schema_name":"TwoDimTableV3","schema_type":"TwoDimTable"},"name":"GLM Model","description":"summary","columns":[{"__meta":{"schema_version":-1,"schema_name":"ColumnSpecsBase","schema_type":"Iced"},"name":"","type":"string","format":"%s","description":""},{"__meta":{"schema_version":-1,"schema_name":"ColumnSpecsBase","schema_type":"Iced"},"name":"family","type":"string","format":"%s","description":"Family"},{"__meta":{"schema_version":-1,"schema_name":"ColumnSpecsBase","schema_type":"Iced"},"name":"link","type":"string","format":"%s","description":"Link"},{"__meta":{"schema_version":-1,"schema_name":"ColumnSpecsBase","schema_type":"Iced"},"name":"regularization","type":"string","format":"%s","description":"Regularization"},{"__meta":{"schema_version":-1,"schema_name":"ColumnSpecsBase","schema_type":"Iced"},"name":"number_of_predictors_total","type":"int","format":"%d","description":"Number of Predictors Total"},{"__meta":{"schema_version":-1,"schema_name":"ColumnSpecsBase","schema_type":"Iced"},"name":"number_of_active_predictors","type":"int","format":"%d","description":"Number of Active Predictors"},{"__meta":{"schema_version":-1,"schema_name":"ColumnSpecsBase","schema_type":"Iced"},"name":"number_of_iterations","type":"int","format":"%d","description":"Number of Iterations"},{"__meta":{"schema_version":-1,"schema_name":"ColumnSpecsBase","schema_type":"Iced"},"name":"training_frame","type":"string","format":"%s","description":"Training Frame"}],"rowcount":1,"data":[[""],["gaussian"],["identity"],["Elastic Net (alpha = 0.5, lambda = 1.282E-4 )"],[8],["8"],[1],["Key_Frame__dataset3.hex"]]},"scoring_history":{"__meta":{"schema_version":3,"schema_name":"TwoDimTableV3","schema_type":"TwoDimTable"},"name":"Scoring History","description":"","columns":[{"__meta":{"schema_version":-1,"schema_name":"ColumnSpecsBase","schema_type":"Iced"},"name":"","type":"string","format":"%s","description":""},{"__meta":{"schema_version":-1,"schema_name":"ColumnSpecsBase","schema_type":"Iced"},"name":"timestamp","type":"string","format":"%s","description":"timestamp"},{"__meta":{"schema_version":-1,"schema_name":"ColumnSpecsBase","schema_type":"Iced"},"name":"duration","type":"string","format":"%s","description":"duration"},{"__meta":{"schema_version":-1,"schema_name":"ColumnSpecsBase","schema_type":"Iced"},"name":"iterations","type":"int","format":"%d","description":"iterations"},{"__meta":{"schema_version":-1,"schema_name":"ColumnSpecsBase","schema_type":"Iced"},"name":"negative_log_likelihood","type":"double","format":"%.5f","description":"negative_log_likelihood"},{"__meta":{"schema_version":-1,"schema_name":"ColumnSpecsBase","schema_type":"Iced"},"name":"objective","type":"double","format":"%.5f","description":"objective"}],"rowcount":1,"data":[[""],["2020-06-17 13:57:46"],[" 0.000 sec"],[0],[1196.832835820897],[0.22328970817554047]]},"training_metrics":{"__meta":{"schema_version":3,"schema_name":"ModelMetricsRegressionGLMV3","schema_type":"ModelMetricsRegressionGLM"},"model":{"__meta":{"schema_version":3,"schema_name":"ModelKeyV3","schema_type":"Key<Model>"},"name":"glm-cf5b6ff1-4bca-4259-b5ff-dc88bd1a322c","type":"Key<Model>","URL":"/3/Models/glm-cf5b6ff1-4bca-4259-b5ff-dc88bd1a322c"},"model_checksum":5594952000106983172,"frame":{"__meta":{"schema_version":3,"schema_name":"FrameKeyV3","schema_type":"Key<Frame>"},"name":"Key_Frame__dataset3.hex","type":"Key<Frame>","URL":"/3/Frames/Key_Frame__dataset3.hex"},"frame_checksum":-2508140038957742160,"description":null,"model_category":"Regression","scoring_time":1592398666835,"predictions":null,"MSE":0.18993701223644274,"RMSE":0.4358176364449272,"nobs":5360,"custom_metric_name":null,"custom_metric_value":0.0,"r2":0.14936960691836776,"mean_residual_deviance":0.18993701223644274,"mae":0.38009755423504743,"rmsle":0.3066613586014684,"residual_deviance":1018.0623855873331,"null_deviance":1196.832835820783,"AIC":6327.724594826452,"null_degrees_of_freedom":5359,"residual_degrees_of_freedom":5351},"validation_metrics":null,"cross_validation_metrics":{"__meta":{"schema_version":3,"schema_name":"ModelMetricsRegressionGLMV3","schema_type":"ModelMetricsRegressionGLM"},"model":{"__meta":{"schema_version":3,"schema_name":"ModelKeyV3","schema_type":"Key<Model>"},"name":"glm-cf5b6ff1-4bca-4259-b5ff-dc88bd1a322c","type":"Key<Model>","URL":"/3/Models/glm-cf5b6ff1-4bca-4259-b5ff-dc88bd1a322c"},"model_checksum":5594952000106983172,"frame":{"__meta":{"schema_version":3,"schema_name":"FrameKeyV3","schema_type":"Key<Frame>"},"name":"Key_Frame__dataset3.hex","type":"Key<Frame>","URL":"/3/Frames/Key_Frame__dataset3.hex"},"frame_checksum":-2508140038957742160,"description":"10-fold cross-validation on training data (Metrics computed for combined holdout predictions)","model_category":"Regression","scoring_time":1592398666853,"predictions":null,"MSE":0.19055092494822373,"RMSE":0.4365213911691198,"nobs":5360,"custom_metric_name":null,"custom_metric_value":0.0,"r2":0.14662020697155798,"mean_residual_deviance":0.19055092494822373,"mae":0.3807450924153066,"rmsle":0.3071912942466834,"residual_deviance":1021.3529577224792,"null_deviance":1197.3536593902047,"AIC":6343.021200942245,"null_degrees_of_freedom":5359,"residual_degrees_of_freedom":5352},"cross_validation_metrics_summary":{"__meta":{"schema_version":3,"schema_name":"TwoDimTableV3","schema_type":"TwoDimTable"},"name":"Cross-Validation Metrics Summary","description":"","columns":[{"__meta":{"schema_version":-1,"schema_name":"ColumnSpecsBase","schema_type":"Iced"},"name":"","type":"string","format":"%s","description":""},{"__meta":{"schema_version":-1,"schema_name":"ColumnSpecsBase","schema_type":"Iced"},"name":"mean","type":"string","format":"%s","description":"mean"},{"__meta":{"schema_version":-1,"schema_name":"ColumnSpecsBase","schema_type":"Iced"},"name":"sd","type":"string","format":"%s","description":"sd"},{"__meta":{"schema_version":-1,"schema_name":"ColumnSpecsBase","schema_type":"Iced"},"name":"cv_1_valid","type":"string","format":"%s","description":"cv_1_valid"},{"__meta":{"schema_version":-1,"schema_name":"ColumnSpecsBase","schema_type":"Iced"},"name":"cv_2_valid","type":"string","format":"%s","description":"cv_2_valid"},{"__meta":{"schema_version":-1,"schema_name":"ColumnSpecsBase","schema_type":"Iced"},"name":"cv_3_valid","type":"string","format":"%s","description":"cv_3_valid"},{"__meta":{"schema_version":-1,"schema_name":"ColumnSpecsBase","schema_type":"Iced"},"name":"cv_4_valid","type":"string","format":"%s","description":"cv_4_valid"},{"__meta":{"schema_version":-1,"schema_name":"ColumnSpecsBase","schema_type":"Iced"},"name":"cv_5_valid","type":"string","format":"%s","description":"cv_5_valid"},{"__meta":{"schema_version":-1,"schema_name":"ColumnSpecsBase","schema_type":"Iced"},"name":"cv_6_valid","type":"string","format":"%s","description":"cv_6_valid"},{"__meta":{"schema_version":-1,"schema_name":"ColumnSpecsBase","schema_type":"Iced"},"name":"cv_7_valid","type":"string","format":"%s","description":"cv_7_valid"},{"__meta":{"schema_version":-1,"schema_name":"ColumnSpecsBase","schema_type":"Iced"},"name":"cv_8_valid","type":"string","format":"%s","description":"cv_8_valid"},{"__meta":{"schema_version":-1,"schema_name":"ColumnSpecsBase","schema_type":"Iced"},"name":"cv_9_valid","type":"string","format":"%s","description":"cv_9_valid"},{"__meta":{"schema_version":-1,"schema_name":"ColumnSpecsBase","schema_type":"Iced"},"name":"cv_10_valid","type":"string","format":"%s","description":"cv_10_valid"}],"rowcount":8,"data":[["mae","mean_residual_deviance","mse","null_deviance","r2","residual_deviance","rmse","rmsle"],["0.38074693","0.19057548","0.19057548","119.73537","0.14425462","102.13529","0.4364941","0.30717888"],["0.0059493524","0.0064254478","0.0064254478","5.2956686","0.03415972","4.2726765","0.0073318956","0.005041375"],["0.378448","0.1880126","0.1880126","113.11344","0.13028732","98.14258","0.4336042","0.30865717"],["0.3803796","0.19014747","0.19014747","117.638794","0.16933504","97.545654","0.43605903","0.30442932"],["0.37105048","0.18037197","0.18037197","121.85966","0.20597972","96.679375","0.42470223","0.29738736"],["0.38770497","0.19779736","0.19779736","118.861595","0.1363939","102.45903","0.44474414","0.31093258"],["0.37554407","0.1886219","0.1886219","113.817116","0.105593234","101.10134","0.43430623","0.3080486"],["0.39240363","0.20342405","0.20342405","124.9856","0.11826897","109.84899","0.45102558","0.31579167"],["0.37915844","0.1899604","0.1899604","113.22468","0.10399438","100.86897","0.43584448","0.31044188"],["0.3800542","0.19160204","0.19160204","126.09478","0.14598504","107.68034","0.4377237","0.30625126"],["0.37995112","0.19137253","0.19137253","120.787544","0.13802993","104.10665","0.43746147","0.30741653"],["0.3827747","0.18444449","0.18444449","126.97044","0.18867874","102.92003","0.42947","0.3024324"]]},"status":null,"start_time":1592398666816,"end_time":1592398666843,"run_time":27,"default_threshold":0.5,"help":{"domains":"Domains for categorical columns", "__meta":"Metadata on this schema instance, to make it self-describing.", "standardized_coefficient_magnitudes":"Standardized Coefficient Magnitudes", "help":"Help information for output fields", "training_metrics":"Training data model metrics", "cross_validation_models":"Cross-validation models (model ids)", "cross_validation_predictions":"Cross-validation predictions, one per cv model (deprecated, use cross_validation_holdout_predictions_frame_id instead)", "cross_validation_metrics_summary":"Cross-validation model metrics summary", "lambda_best":"Lambda minimizing the objective value, only applicable with lambd search", "status":"Job status", "model_summary":"Model summary", "end_time":"End time in milliseconds", "names":"Column names", "cross_validation_fold_assignment_frame_id":"Cross-validation fold assignment (each row is assigned to one holdout fold)", "lambda_1se":"Lambda best + 1 standard error. Only applicable with lambda search and cross-validation", "run_time":"Runtime in milliseconds", "default_threshold":"Default threshold used for predictions", "scoring_history":"Scoring history", "dispersion":"Dispersion parameter, only applicable to Tweedie family (input/output) and fractional Binomial (output only)", "cross_validation_holdout_predictions_frame_id":"Cross-validation holdout predictions (full out-of-sample predictions on training data)", "coefficients_table_multinomials_with_class_names":"Table of Coefficients with coefficients denoted with class names for GLM multinonimals only.", "model_category":"Category of the model (e.g., Binomial)", "random_coefficients_table":"Table of Random Coefficients for HGLM", "column_types":"Column types", "original_names":"Original column names", "start_time":"Start time in milliseconds", "cross_validation_metrics":"Cross-validation model metrics", "validation_metrics":"Validation data model metrics", "coefficients_table":"Table of Coefficients"},"coefficients_table":{"__meta":{"schema_version":3,"schema_name":"TwoDimTableV3","schema_type":"TwoDimTable"},"name":"Coefficients","description":"glm coefficients","columns":[{"__meta":{"schema_version":-1,"schema_name":"ColumnSpecsBase","schema_type":"Iced"},"name":"names","type":"string","format":"%s","description":"names"},{"__meta":{"schema_version":-1,"schema_name":"ColumnSpecsBase","schema_type":"Iced"},"name":"coefficients","type":"double","format":"%5f","description":"Coefficients"},{"__meta":{"schema_version":-1,"schema_name":"ColumnSpecsBase","schema_type":"Iced"},"name":"standardized_coefficients","type":"double","format":"%5f","description":"Standardized Coefficients"}],"rowcount":9,"data":[["Intercept","robot_name.sample.Corners","robot_name.sample.Crazy","robot_name.sample.Fire","robot_name.sample.SittingDuck","robot_name.sample.Walls","distance","bearing","heading"],[0.5059794116573374,0.1870513131889541,-0.1764005355064829,-0.002355285803108488,0.28285358746942285,-0.13322219349210662,-4.3157552015315385E-4,3.694032085144625E-5,-1.334998453525775E-4],[0.3388208451138216,0.1870513131889541,-0.1764005355064829,-0.002355285803108488,0.28285358746942285,-0.13322219349210662,-0.07858461391405025,0.0037705945103529816,-0.014494701278758952]]},"random_coefficients_table":null,"coefficients_table_multinomials_with_class_names":null,"standardized_coefficient_magnitudes":{"__meta":{"schema_version":3,"schema_name":"TwoDimTableV3","schema_type":"TwoDimTable"},"name":"Standardized Coefficient Magnitudes","description":"standardized coefficient magnitudes","columns":[{"__meta":{"schema_version":-1,"schema_name":"ColumnSpecsBase","schema_type":"Iced"},"name":"names","type":"string","format":"%s","description":"names"},{"__meta":{"schema_version":-1,"schema_name":"ColumnSpecsBase","schema_type":"Iced"},"name":"coefficients","type":"double","format":"%5f","description":"Coefficients"},{"__meta":{"schema_version":-1,"schema_name":"ColumnSpecsBase","schema_type":"Iced"},"name":"sign","type":"string","format":"%s","description":"Sign"}],"rowcount":8,"data":[["robot_name.sample.SittingDuck","robot_name.sample.Corners","robot_name.sample.Crazy","robot_name.sample.Walls","distance","heading","bearing","robot_name.sample.Fire"],[0.28285358746942285,0.1870513131889541,0.1764005355064829,0.13322219349210662,0.07858461391405025,0.014494701278758952,0.0037705945103529816,0.002355285803108488],["POS","POS","NEG","NEG","NEG","NEG","POS","NEG"]]},"lambda_best":1.281889486640546E-4,"lambda_1se":-1.0,"dispersion":0.0},"compatible_frames":null}
